"","name","SC0.IN0","SC0.IN1","SC1.IN0","SC1.IN1","pool","id","location_code","historic_name","latitude","longitude","water_depth","sensor_depth","rec_time","cycle_time","start_data","end_data","sampling_rate","institution_source","region","sum_bins","neg_perc_sc","accuracy","balanced_accuracy","f1","recall","precision","in_per_mooring_stats_pool"
"1","AL16_AU_BF02",49370,4712,1711,35431,"test",2,"BF02","AL16_AU_BF2",71.7540667,-154.45635,98,91.6,80,300,2016-09-09 07:00:00,2017-08-14 12:20:00,16384,"AFSC",2,91224,59.2848373235114,0.929590897132334,0.933403298474334,0.916892023031636,0.953933552312746,0.88261963480557,1
"3","AL16_AU_CC02",49396,948,3481,32751,"test",6,"CC02","AL16_AU_CC2",70.0156333,-166.85975,47,43.4,80,300,2016-09-20 07:00:00,2017-08-08 05:20:00,16384,"AFSC",1,86576,58.150064683053,0.94884263537239,0.942547130456524,0.936666142340307,0.903924707440936,0.971868601442179,1
"4","AL16_AU_CL01",51532,1081,3681,29722,"test",7,"CL01","AL16_AU_CL1",69.3189833,-167.6077833,49,46,80,300,2016-09-21 07:00:00,2017-08-07 03:20:00,16384,"AFSC",1,86016,61.1665271577381,0.944638206845238,0.934627032254759,0.925832476715572,0.889800317336766,0.964906015647827,1
"5","AL16_AU_IC01",52717,3451,535,30993,"test",8,"IC01","AL16_AU_IC1",70.8347667,-163.1136167,43,42.9,80,300,2016-09-17 07:00:00,2017-08-09 09:20:00,16384,"AFSC",2,87696,64.0485312899106,0.95454752782339,0.960795139321948,0.939580428060389,0.983030956609998,0.899808384624318,1
"7","AL16_AU_IC03",48425,4873,517,37577,"test",10,"IC03","AL16_AU_IC3",71.8290333,-166.0792333,43,39.5,80,300,2016-09-15 07:00:00,2017-08-21 03:20:00,16384,"AFSC",2,91392,58.3180147058823,0.941023284313726,0.947499493497132,0.933080055621772,0.98642830892004,0.885206124852768,1
"8","AL16_AU_NM01",54720,1607,575,27994,"test",11,"NM01","AL16_AU_NM1",64.8486833,-168.3928,41,38.1,80,300,2016-09-24 07:00:00,2017-08-05 23:20:00,16384,"AFSC",1,84896,66.3482378439502,0.974297964568413,0.97567172725722,0.96248925563005,0.979873289229584,0.94571129353738,1
"9","AL16_AU_PB01",38400,2064,5132,45460,"test",13,"PB01","AL16_AU_PB1",71.2055833,-158.0016283,46,44.7,80,300,2016-09-08 07:00:00,2017-08-12 21:20:00,16384,"AFSC",2,91056,44.4385872430153,0.920971709717097,0.923776366820405,0.926658241265441,0.898561037318153,0.956569312347445,1
"10","AL16_AU_PH01",54627,4065,413,26575,"test",14,"PH01","AL16_AU_PH1",67.9068333,-168.1999833,57,53.7,80,300,2016-09-22 07:00:00,2017-08-06 21:20:00,16384,"AFSC",1,85680,68.5014005602241,0.947735760971055,0.957718518634345,0.922294717845492,0.98469690232696,0.867330287206266,1
"12","AL16_AU_WT01",50403,4565,316,35604,"test",17,"WT01","AL16_AU_WT1",71.0417,-160.51555,48,44.3,80,300,2016-09-08 07:00:00,2017-08-12 06:20:00,16384,"AFSC",2,90888,60.4788310888126,0.946296540797465,0.954077176791907,0.935851437132831,0.991202672605791,0.88635514949339,1
"14","AL17_AU_CC02",66957,3541,338,28060,"test",22,"CC02","AL17_AU_CC2",70.0159,-166.8596667,47,41.7,80,300,2017-08-09 07:00:00,2018-08-12 01:20:00,16384,"AFSC",1,98896,71.2849862481799,0.960776977835302,0.968934689044928,0.935348922482041,0.988097753362913,0.887946583968862,1
"17","AL17_AU_IC03",60221,3549,476,31402,"test",25,"IC03","AL17_AU_IC3",71.8298,-166.0782833,44,41.7,80,300,2017-08-22 07:00:00,2018-08-12 23:20:00,16384,"AFSC",2,95648,66.6715456674473,0.957918618266979,0.964707471797149,0.939771656017597,0.985068072024594,0.898457840977368,1
"18","AL17_AU_NM01",69160,1013,1081,27586,"test",26,"NM01","AL17_AU_NM1",64.8489833,-168.3917167,44,40.3,80,300,2017-08-05 18:26:00,2018-08-09 01:20:00,16384,"AFSC",1,98840,70.9965600971267,0.97881424524484,0.973927692253605,0.963433800160654,0.96229113614958,0.964579181090248,1
"19","AL17_AU_PB01",56262,1116,2882,38585,"test",28,"PB01","AL17_AU_PB1",71.2050167,-158.0189333,47,42.3,80,300,2017-08-14 07:00:00,2018-08-17 01:20:00,16384,"AFSC",2,98845,58.0484597096464,0.959552835247104,0.955524493786228,0.950744135619949,0.930498950973063,0.971889876829299,1
"20","AL17_AU_PH01",62136,1982,1040,29426,"test",29,"PH01","AL17_AU_PH1",67.9072333,-168.2019667,58,53.5,80,300,2017-08-24 07:00:00,2018-08-11 00:20:00,16384,"AFSC",1,94584,67.7894781358369,0.968049564408357,0.9674759145937,0.951158806606975,0.965863585636447,0.9368950585838,1
"21","AL17_AU_WT01",59587,2782,346,35957,"test",32,"WT01","AL17_AU_WT1",71.04145,-160.5150333,48,47.1,80,300,2017-08-13 07:00:00,2018-08-15 05:20:00,16384,"AFSC",2,98672,63.2084076536403,0.968299010864278,0.972931807061375,0.958316675994776,0.990469107236317,0.928186065721882,1
"22","AL18_AU_BF02",58117,5354,977,33831,"test",34,"BF02","AL18_AU_BF2",71.751,-154.4642167,88,85,80,300,2018-08-20 07:00:00,2019-08-20 18:20:00,16384,"AFSC",2,98279,64.5824642090375,0.935581355121644,0.943789127780759,0.914437852229265,0.971931739829924,0.863366083960699,1
"23","AL18_AU_IC01",62868,4116,170,30622,"test",36,"IC01","AL18_AU_IC1",70.8399333,-163.11665,45,43.1,80,300,2018-08-17 07:00:00,2019-08-15 21:20:00,16384,"AFSC",2,97776,68.5076092292587,0.956165112092947,0.966515787811824,0.934594842057073,0.994479085476747,0.881513040474408,1
"24","AL18_AU_IC02",59055,481,3687,34385,"test",37,"IC02","AL18_AU_IC2",71.2150667,-164.2602,45,39.4,80,300,2018-08-16 07:00:00,2019-08-14 06:20:00,16384,"AFSC",2,97608,60.9950004098025,0.957298582083436,0.947539015243131,0.942855575968631,0.903157175877285,0.9862043251305,1
"25","AL18_AU_IC03",62535,5265,289,29687,"test",38,"IC03","AL18_AU_IC3",71.8287333,-166.0667833,46,40.2,80,300,2018-08-15 07:00:00,2019-08-13 21:20:00,16384,"AFSC",2,97776,69.3421698576338,0.943196694485354,0.956352043286547,0.914459093149335,0.99035895382973,0.84936484321355,1
"27","AL18_AU_PB01",55792,1558,2762,38896,"test",40,"PB01","AL18_AU_PB1",71.2034833,-158.0118833,49,42.7,80,300,2018-08-17 07:00:00,2019-08-20 11:20:00,16384,"AFSC",2,99008,57.9246121525533,0.956367162249515,0.953265843933725,0.947388932190179,0.933698209227519,0.961487121174668,1
"28","AL18_AU_PH01",64400,7004,112,26652,"test",41,"PH01","AL18_AU_PH1",67.9108667,-168.1966667,61,56.2,80,300,2018-08-11 07:00:00,2019-08-11 08:20:00,16384,"AFSC",1,98168,72.7365332898704,0.927512020210252,0.948862765688722,0.882224428997021,0.995815274248991,0.7918944616116,1
"29","AL18_AU_WT01",54891,3494,838,39673,"test",43,"WT01","AL18_AU_WT1",71.0434667,-160.4965167,52,46.9,80,300,2018-08-17 07:00:00,2019-08-20 01:20:00,16384,"AFSC",2,98896,59.0367658954862,0.956196408348164,0.9597350611376,0.948230120222759,0.979314260324356,0.919058540088494,1
"34","AL20_AU_NM01",81387,4223,188,27154,"test",355,"NM01",NA,64.8535,-168.402,42,38,80,300,2020-09-22 07:00:00,2021-11-16 09:20:00,16384,"AFSC",1,112952,75.7932573128409,0.960948013315391,0.971897890940549,0.924879510890853,0.993124131372979,0.865410969818657,1
"35","AW12_AU_BF02",65244,3706,938,35472,"test",66,"BF02","AW12_AU_BF2",71.7514667,-154.47125,93,89.8,85,300,2012-08-31 07:00:00,2013-08-31 23:25:00,16384,"AFSC",2,105360,65.4422930903569,0.955922551252847,0.960244376599676,0.93856167645658,0.9742378467454,0.905406095257542,1
"36","AW12_AU_BS03",98512,2306,365,13657,"test",70,"BS03","AW12_AU_BS3",57.6699667,-164.7251833,52,48.8,85,300,2012-08-11 07:00:00,2013-09-13 21:25:00,16384,"AFSC",3,114840,87.7899686520376,0.976741553465691,0.975548288428129,0.910922127730532,0.973969476536871,0.855540938420096,1
"37","AW12_AU_CL01",71393,3086,1144,30337,"test",71,"CL01","AW12_AU_CL1",69.3068,-167.64795,48,52,85,300,2012-08-23 07:00:00,2013-08-26 01:25:00,16384,"AFSC",1,105960,70.2897319743299,0.960079275198188,0.961113061188442,0.934826821151239,0.963660620691846,0.907668372079107,1
"38","AW12_AU_IC01",68620,4456,409,32475,"test",72,"IC01","AW12_AU_IC1",70.8171667,-163.1364333,43,39.7,85,300,2012-08-25 07:00:00,2013-08-28 01:25:00,16384,"AFSC",2,105960,68.9656474141185,0.954086447716119,0.963292363999551,0.930315834706009,0.98756234034789,0.879342557742818,1
"39","AW12_AU_KZ01",67920,3856,1664,32160,"test",73,"KZ01","AW12_AU_KZ1",67.1248,-168.6018333,43,40,85,300,2012-08-21 07:00:00,2013-08-22 19:25:00,16384,"AFSC",1,105600,67.969696969697,0.947727272727273,0.94854073495129,0.920962199312715,0.950804162724692,0.892936472678809,1
"40","AW12_AU_NM01",60236,2334,996,41914,"test",74,"NM01","AW12_AU_NM1",64.84735,-168.3897667,42,39.2,85,300,2012-08-20 07:00:00,2013-08-21 19:25:00,16384,"AFSC",1,105480,59.319302237391,0.968430034129693,0.969743202923842,0.961793524403956,0.97678862735959,0.947251853191105,1
"42","AW12_AU_WT01",59486,3485,541,41128,"test",77,"WT01","AW12_AU_WT1",71.0458667,-160.5089,49,46.8,85,300,2012-08-30 07:00:00,2013-08-28 11:25:00,16384,"AFSC",2,104640,60.1787079510703,0.961525229357798,0.965836895713123,0.953339051018752,0.987016727063284,0.921883755855916,1
"43","AW13_AU_BF02",67755,1870,696,34959,"test",79,"BF02","AW13_AU_BF2",71.7522667,-154.4658833,100,92.7,80,300,2013-09-03 07:00:00,2014-09-29 19:20:00,16384,"AFSC",2,105280,66.1331686930091,0.975626899696049,0.976810713684177,0.964599083935765,0.980479596129575,0.94922479567732,1
"45","AW13_AU_CL01",71189,1174,1772,32041,"test",83,"CL01","AW13_AU_CL1",69.3159167,-167.6324833,48,45.2,80,300,2013-08-26 07:00:00,2014-09-25 03:20:00,16384,"AFSC",1,106176,68.1538200723327,0.972253616636528,0.965685179921393,0.95604821865489,0.947594120604501,0.964654523558633,1
"46","AW13_AU_IC01",69207,2605,338,33689,"test",84,"IC01","AW13_AU_IC1",70.8225833,-163.1384833,45,39.4,80,300,2013-08-28 07:00:00,2014-09-25 21:20:00,16384,"AFSC",2,105839,67.8502253422651,0.972193614830072,0.976895718700755,0.958149059313719,0.990066711728921,0.928225050972613,1
"47","AW13_AU_KZ01",71503,5701,1295,28069,"test",85,"KZ01","AW13_AU_KZ1",67.1232333,-168.6047667,42,44,80,300,2013-08-24 07:00:00,2014-09-24 14:20:00,16384,"AFSC",1,106568,72.4457623301554,0.934351775392238,0.941027527393674,0.889188076155479,0.955898378967443,0.831181522061001,1
"48","AW13_AU_NM01",66625,2561,779,36315,"test",86,"NM01","AW13_AU_NM1",64.8483667,-168.3905833,42,40.7,80,300,2013-08-22 07:00:00,2014-09-21 13:20:00,16384,"AFSC",1,106280,65.0978547233722,0.968573579224689,0.970991569869712,0.956035277083059,0.978999299078018,0.934123881057722,1
"49","AW13_AU_PB01",59689,2570,1056,42094,"test",87,"PB01","AW13_AU_PB1",71.2053,-158.0190667,49,42.7,80,300,2013-09-02 07:00:00,2014-09-29 10:20:00,16384,"AFSC",2,105409,59.0642165280005,0.965600660285175,0.967124029050922,0.958708178650329,0.975527230590962,0.942459251298585,1
"50","AW13_AU_PH01",50656,3653,2924,47039,"test",88,"PH01","AW13_AU_PH1",67.90745,-168.20265,55,53.7,80,300,2013-08-24 07:00:00,2014-09-16 01:20:00,16384,"AFSC",1,104272,52.0839726868191,0.93692458186282,0.937106719942394,0.934657990164423,0.941476692752637,0.927937347115916,1
"51","AW13_AU_WT01",67398,3450,728,37904,"test",90,"WT01","AW13_AU_WT1",71.0464,-160.5113,42,45.1,80,300,2013-08-29 07:00:00,2014-10-10 10:20:00,16384,"AFSC",2,109480,64.7131896236756,0.961837778589697,0.966229859641473,0.94776585902533,0.98115551874094,0.916573971078977,1
"52","AW14_AU_BF02",56874,1402,1683,33785,"test",92,"BF02","AW14_AU_BF2",71.75083,-154.4652,109,79,80,300,2014-10-01 07:00:00,2015-09-14 21:20:00,16384,"AFSC",2,93744,62.1650452295614,0.967091227171872,0.96424542256898,0.95633713113014,0.952548776361791,0.96015573933555,1
"54","AW14_AU_CL01",63460,1966,1391,29671,"test",98,"CL01","AW14_AU_CL1",69.31735,-167.62985,59,43.9,80,300,2014-09-26 07:00:00,2015-09-20 02:20:00,16384,"AFSC",1,96488,67.8073957383302,0.965208108780366,0.96258468957994,0.946458476211742,0.955218595067929,0.937857571830452,1
"55","AW14_AU_IC01",64276,3608,459,27865,"test",99,"IC01","AW14_AU_IC1",70.82272,-163.13928,50,39.9,80,300,2014-09-26 07:00:00,2015-09-19 01:20:00,16384,"AFSC",2,96208,70.5596208215533,0.95772700814901,0.965322585731971,0.931986554509424,0.983794661770936,0.885362056365774,1
"56","AW14_AU_KZ01",59094,1819,3332,32859,"test",100,"KZ01","AW14_AU_KZ1",67.12355,-168.60443,51,38.9,80,300,2014-09-25 07:00:00,2015-09-21 09:20:00,16384,"AFSC",1,97104,62.7296506838029,0.946953781512605,0.939035324463063,0.927316598230538,0.907932911497334,0.947545994578695,1
"57","AW14_AU_NM01",54397,862,1566,32551,"test",101,"NM01","AW14_AU_NM1",64.84863,-168.39007,48,39.5,80,300,2014-09-22 07:00:00,2015-08-20 15:20:00,16384,"AFSC",1,89376,61.827559971357,0.972833870390261,0.969249930284437,0.964045609358803,0.954099129466249,0.974201658037291,1
"58","AW14_AU_PB01",49709,2071,1644,40208,"test",102,"PB01","AW14_AU_PB1",71.20668,-158.01407,52,47.1,80,300,2014-10-01 07:00:00,2015-09-14 11:20:00,16384,"AFSC",2,93632,55.3016062884484,0.960323393711552,0.960361292807368,0.955842673925188,0.960718723119564,0.951015870763263,1
"59","AW14_AU_PH01",45939,2040,3322,47875,"test",103,"PH01","AW14_AU_PH1",67.90793,-168.20217,68,52.8,80,300,2014-09-17 07:00:00,2015-09-21 02:20:00,16384,"AFSC",1,99176,48.3776316850851,0.945934500282326,0.946297391830804,0.946969696969697,0.935113385549935,0.959130521887208,1
"60","AW14_AU_WT01",40422,2823,400,33338,"test",105,"WT01","AW14_AU_WT1",71.03725,-160.50607,50,45.8,80,300,2014-10-11 07:00:00,2015-09-14 01:20:00,16384,"AFSC",2,76983,56.1747398776353,0.95813361391476,0.961432354812987,0.953890613599622,0.988143932657538,0.921932468681729,1
"61","AW15_AU_BF02",65234,3141,716,27229,"test",106,"BF02","AW15_AU_BF2",71.749767,-154.46235,79,74.1,80,300,2015-09-16 07:00:00,2016-09-08 11:20:00,16384,"AFSC",2,96320,70.9873338870432,0.959956395348837,0.964220200099242,0.933859212895482,0.974378242977277,0.896575567994732,1
"63","AW15_AU_CL01",102391,2367,4567,41259,"test",111,"CL01","AW15_AU_CL1",69.317367,-167.622867,49,45.6,80,300,2015-09-20 06:14:00,2017-04-02 13:20:00,16384,"AFSC",1,150584,69.5678159698242,0.953952611167189,0.938872742509695,0.922483566605554,0.90034041810326,0.945743364048962,1
"64","AW15_AU_IC01",57966,3925,639,35022,"test",112,"IC01","AW15_AU_IC1",70.835533,-163.1092,42,38.7,80,300,2015-09-19 07:00:00,2016-09-16 01:20:00,16384,"AFSC",2,97552,63.444111858291,0.953214695752009,0.959331660398511,0.938826935449282,0.98208126524775,0.899222019667754,1
"65","AW15_AU_KZ01",64230,2882,1951,29273,"test",113,"KZ01","AW15_AU_KZ1",67.1236,-168.604367,42,38.8,80,300,2015-09-22 07:00:00,2016-09-21 23:20:00,16384,"AFSC",1,98336,68.247640741946,0.950852180279857,0.947286436748561,0.923744457943483,0.937516013323085,0.910371637381434,1
"67","AW15_AU_NS01",64441,1312,1462,31233,"test",115,"NS01","AW15_AU_NS1",63.3990833,-166.2362167,22,20,80,300,2015-09-24 07:00:00,2016-09-24 09:20:00,16384,"AFSC",1,98448,66.7895741914513,0.971822688119616,0.96766511016041,0.957480073574494,0.955283682520263,0.959686587801506,1
"68","AW15_AU_PH01",26080,2478,1147,8263,"test",117,"PH01","AW15_AU_PH1",67.91035,-168.1983,57,54.2,80,300,2015-09-22 07:00:00,2016-02-10 10:20:00,16384,"AFSC",1,37968,75.2159713442899,0.904524863042562,0.895668806528229,0.820108183216714,0.878108395324123,0.769295223908388,1
"69","AW15_AU_WT01",49680,2428,628,43808,"test",119,"WT01","AW15_AU_WT1",71.046967,-160.502583,49,46.4,80,300,2015-09-14 07:00:00,2016-09-07 07:20:00,16384,"AFSC",2,96544,53.9733178654292,0.9683460391117,0.969635891216967,0.966296100229398,0.98586731478981,0.947486806817199,1
"70","BF10_AU_BF02",29020,2093,408,6951,"test",135,"BF02","BF10_AU_BF2",71.7505167,-154.4829667,100,94.6,9,20,2010-09-20 07:00:00,0011-08-30 01:30:58,8192,"AFSC",2,38472,80.8718028696195,0.934991682262425,0.938643384386797,0.847527891239407,0.944557684467998,0.768575851393189,1
"71","BF11_AU_BF02",26931,443,3124,17358,"test",138,"BF02","BF11_AU_02",71.7511667,-154.48,104,94.8,6,20,2011-09-01 07:00:00,0012-07-29 15:38:58,8192,"AFSC",2,47856,57.2007689735874,0.925463891675025,0.915646296433922,0.906825483896246,0.847475832438238,0.975113757654064,1
"89","CX12_AU_IC02",55083,2398,1495,38584,"test",201,"IC02","CX12_AU_IC2",71.2019833,-164.1989,43,44.5,85,300,2012-08-27 07:00:00,2013-07-31 21:25:00,16384,"AFSC",2,97560,58.9186141861419,0.96009635096351,0.960490268589111,0.951974439002726,0.9626986701265,0.941486506271046,1
"90","CX12_AU_IC03",56249,2415,1542,44554,"test",202,"IC03","CX12_AU_IC3",71.8292167,-166.0715833,42,40.7,85,300,2012-08-28 07:00:00,2013-08-26 21:25:00,16384,"AFSC",2,104760,55.9984726995036,0.962227949599084,0.9626907148236,0.957481330253049,0.966548073585561,0.948583108007409,1
"91","CX12_AU_WT02",65863,1475,1462,35960,"test",203,"WT02","CX12_AU_WT2",71.7823,-161.84885,41,36.4,85,300,2012-08-30 07:00:00,2013-08-28 21:25:00,16384,"AFSC",2,104760,64.2783505154639,0.971964490263459,0.969513824788707,0.960765192299985,0.960932072043183,0.960598370508882,1
"92","CX13_AU_HS01",79235,982,1226,25741,"test",204,"HS01","CX13_AU_HS1",72.4269167,-161.6286167,45,40,80,300,2013-08-30 07:00:00,2014-10-02 21:20:00,16384,"AFSC",2,107184,74.8404612628751,0.979399910434393,0.971147616301484,0.958875023281803,0.954537026736382,0.963252628821614,1
"93","CX13_AU_IC02",68700,1415,1491,34346,"test",206,"IC02","CX13_AU_IC2",71.2048167,-164.21065,45,41.4,80,300,2013-08-28 07:00:00,2014-09-26 07:20:00,16384,"AFSC",2,105952,66.1761929930535,0.972572485653881,0.969106911967885,0.959412274085868,0.958394954934844,0.960431755264115,1
"94","CX13_AU_IC03",70898,1130,958,33078,"test",207,"IC03","CX13_AU_IC3",71.8313833,-166.0736767,45,38.6,80,300,2013-08-28 07:00:00,2014-09-26 17:20:00,16384,"AFSC",2,106064,67.9099411675969,0.980313772816413,0.978082494172181,0.96940390363988,0.971853331766365,0.966966791393826,1
"96","CX14_AU_HS01",62098,2120,1093,28209,"test",209,"HS01","CX14_AU_HS1",72.42793,-161.62877,42,39,80,300,2014-10-04 07:00:00,2015-09-17 01:20:00,16384,"AFSC",2,93520,68.6676646706587,0.96564371257485,0.964843120446588,0.946118629571867,0.962698791891338,0.930099904381945,1
"97","CX14_AU_HS02",67190,2782,611,22937,"test",210,"HS02","CX14_AU_HS2",72.58005,-161.21792,54,39.5,80,300,2014-10-04 07:00:00,2015-09-17 01:20:00,16384,"AFSC",2,93520,74.8203592814371,0.963718990590248,0.96714711874218,0.931130371242414,0.974052998131476,0.891830942105059,1
"99","CX14_AU_IC03",68436,1637,869,24706,"test",212,"IC03","CX14_AU_IC3",71.83128,-166.07838,51,40,80,300,2014-09-27 03:00:00,2015-09-17 19:20:00,16384,"AFSC",2,95648,73.2613332218133,0.973799765807963,0.971330076821576,0.951731576717131,0.966021505376344,0.93785825456478,1
"100","CX14_AU_WT02",52667,1609,1844,36952,"test",213,"WT02","CX14_AU_WT2",71.78167,-161.85838,42,39.1,80,300,2014-10-06 07:00:00,2015-09-17 09:20:00,16384,"AFSC",2,93072,58.3161423414131,0.962899690562145,0.961412274097699,0.955362798453921,0.952469326734715,0.95827390368507,1
"101","CX15_AU_IC02",63497,2716,1049,31347,"test",214,"IC02","CX15_AU_IC2",71.229367,-164.226217,41,37.1,80,300,2015-09-14 07:00:00,2016-09-15 00:20:00,16384,"AFSC",2,98609,67.1470149783488,0.961818900911682,0.963300161988677,0.943348530673047,0.967619459192493,0.920265390599771,1
"102","CX15_AU_IC03",62518,1635,2178,30997,"test",215,"IC03","CX15_AU_IC3",71.829483,-166.077067,43,41,80,300,2015-09-18 07:00:00,2016-09-14 05:20:00,16384,"AFSC",2,97328,65.9142281768864,0.96082319579155,0.954431103036917,0.942057835792545,0.934348153730219,0.949895807796028,1
"103","CZ10_AU_IC01-03",51796,3148,1584,36870,"test",218,"IC01","CZ10_AU_A03",70.7983833,-163.0811167,43,37.7,95,300,2010-09-10 07:00:00,2011-06-27 13:35:00,16384,"AFSC",2,93398,58.8278121587186,0.949335103535408,0.950756613147662,0.93969823631359,0.958807926353565,0.921335399070418,1
"104","CZ10_AU_IC02-03",38578,11423,108,41345,"test",223,"IC02","CZ10_AU_B03",71.2020333,-164.1922333,43,37.8,95,300,2010-09-10 07:00:00,2011-06-21 12:35:00,16384,"AFSC",2,91454,54.673387714042,0.873914754958777,0.884469604410532,0.877617516264952,0.997394639712445,0.783524105518496,1
"105","CZ11_AU_IC01-03",66378,1883,1867,31752,"test",233,"IC01","CZ11_AU_A03",70.8167667,-163.1361167,43,39,85,300,2011-09-03 07:00:00,2012-08-21 21:25:00,16384,"AFSC",2,101880,67.0013741656851,0.96319199057715,0.958440314698925,0.944241234722098,0.944465927005562,0.944016649323621,1
"106","CZ11_AU_IC02-03",37891,3838,491,34099,"test",238,"IC02","CZ11_AU_B03",71.2016333,-164.1979167,44,36.4,85,300,2011-08-29 07:00:00,2012-05-20 03:25:00,16384,"AFSC",2,76319,54.6770791021895,0.943277558668221,0.94691536985388,0.940311883850152,0.985805145995953,0.898832274560455,1
"113","ST13_AU_NS01",75508,11590,16,25334,"test",276,"NS01","ST13_AU_NS1",63.3997833,-166.2407167,24,20,80,300,2013-08-22 07:00:00,2014-10-14 11:20:00,16384,"AFSC",1,112448,77.4562464428002,0.896787848605578,0.933150169368717,0.813630086392395,0.999368836291913,0.68611201386632,1
"114","ST14_AU_NS01",55758,7980,145,28292,"test",277,"NS01","ST14_AU_NS1",63.39978,-166.24072,24,19.6,80,300,2014-10-15 07:00:00,2015-09-23 01:20:00,16384,"AFSC",1,92175,69.1489015459723,0.911852454570111,0.934850485797184,0.874437867993633,0.994901009248514,0.779995588883988,1
